{
  "completed_sequences": {
    "index": 0,
    "min": 0.0,
    "max": 1.0,
    "mean": 0.15434036292300146,
    "std": 0.36127470890694474,
    "p95": 1.0,
    "p99": 1.0
  },
  "four_in_a_row": {
    "index": 1,
    "min": 0.0,
    "max": 14.0,
    "mean": 1.2618195193722412,
    "std": 1.796948212569783,
    "p95": 5.0,
    "p99": 7.0
  },
  "three_in_a_row": {
    "index": 2,
    "min": 0.0,
    "max": 25.0,
    "mean": 4.4330308974987735,
    "std": 3.9936748279270278,
    "p95": 12.0,
    "p99": 16.0
  },
  "two_in_a_row": {
    "index": 3,
    "min": 0.0,
    "max": 38.0,
    "mean": 10.409588033349682,
    "std": 6.620501195041051,
    "p95": 22.0,
    "p99": 27.0
  },
  "opp_completed_sequences": {
    "index": 4,
    "min": 0.0,
    "max": 1.0,
    "mean": 0.15434036292300146,
    "std": 0.36127470890694474,
    "p95": 1.0,
    "p99": 1.0
  },
  "opp_four_in_a_row": {
    "index": 5,
    "min": 0.0,
    "max": 14.0,
    "mean": 1.2618195193722412,
    "std": 1.796948212569783,
    "p95": 5.0,
    "p99": 7.0
  },
  "opp_three_in_a_row": {
    "index": 6,
    "min": 0.0,
    "max": 25.0,
    "mean": 4.4330308974987735,
    "std": 3.9936748279270278,
    "p95": 12.0,
    "p99": 16.0
  },
  "chips_on_board": {
    "index": 7,
    "min": 0.0,
    "max": 33.0,
    "mean": 9.685654732712115,
    "std": 6.500102628719046,
    "p95": 22.0,
    "p99": 26.0
  },
  "opp_chips_on_board": {
    "index": 8,
    "min": 0.0,
    "max": 33.0,
    "mean": 9.685654732712115,
    "std": 6.500102628719046,
    "p95": 22.0,
    "p99": 26.0
  },
  "center_control": {
    "index": 9,
    "min": 0.0,
    "max": 21.0,
    "mean": 6.243795978420795,
    "std": 3.692828635956451,
    "p95": 13.0,
    "p99": 15.0
  },
  "corner_adjacency": {
    "index": 10,
    "min": 0.0,
    "max": 6.0,
    "mean": 0.5782000980872977,
    "std": 0.875636388589499,
    "p95": 2.0,
    "p99": 3.0
  },
  "hand_pairs": {
    "index": 11,
    "min": 0.0,
    "max": 3.0,
    "mean": 0.34732712113781267,
    "std": 0.536515071710695,
    "p95": 1.0,
    "p99": 2.0
  },
  "two_eyed_jacks_in_hand": {
    "index": 12,
    "min": 0.0,
    "max": 2.0,
    "mean": 0.0689553702795488,
    "std": 0.2630645916340728,
    "p95": 1.0,
    "p99": 1.0
  },
  "one_eyed_jacks_in_hand": {
    "index": 13,
    "min": 0.0,
    "max": 3.0,
    "mean": 0.15154487493869545,
    "std": 0.3980535239972414,
    "p95": 1.0,
    "p99": 2.0
  },
  "dead_cards_in_hand": {
    "index": 14,
    "min": 0.0,
    "max": 2.0,
    "mean": 0.027341834232466895,
    "std": 0.1725748982568352,
    "p95": 0.0,
    "p99": 1.0
  },
  "shared_line_potential": {
    "index": 15,
    "min": 0.0,
    "max": 96.0,
    "mean": 42.20990681706719,
    "std": 15.617148304929849,
    "p95": 66.0,
    "p99": 74.0
  },
  "blocked_lines": {
    "index": 16,
    "min": 0.0,
    "max": 159.0,
    "mean": 38.062972045120155,
    "std": 33.40919276268356,
    "p95": 103.0,
    "p99": 128.0
  },
  "guaranteed_positions": {
    "index": 17,
    "min": 0.0,
    "max": 8.0,
    "mean": 2.5826875919568417,
    "std": 1.9927663289958106,
    "p95": 6.0,
    "p99": 7.0
  },
  "viable_four_in_a_row": {
    "index": 18,
    "min": 0.0,
    "max": 14.0,
    "mean": 1.261280039234919,
    "std": 1.7964125685046053,
    "p95": 5.0,
    "p99": 7.0
  },
  "viable_three_in_a_row": {
    "index": 19,
    "min": 0.0,
    "max": 25.0,
    "mean": 4.429009318293281,
    "std": 3.991277523814326,
    "p95": 12.0,
    "p99": 16.0
  },
  "opp_blockable_four": {
    "index": 20,
    "min": 0.0,
    "max": 11.0,
    "mean": 0.10718489455615497,
    "std": 0.5225305035762101,
    "p95": 1.0,
    "p99": 2.0
  },
  "opp_unblockable_four": {
    "index": 21,
    "min": 0.0,
    "max": 13.0,
    "mean": 1.1546346248160864,
    "std": 1.7128805090980537,
    "p95": 5.0,
    "p99": 7.0
  },
  "fork_count": {
    "index": 22,
    "min": 0.0,
    "max": 17.0,
    "mean": 2.486390387444826,
    "std": 2.5792274215033877,
    "p95": 8.0,
    "p99": 10.0
  },
  "dead_positions_for_us": {
    "index": 23,
    "min": 0.0,
    "max": 3.0,
    "mean": 0.009661598822952427,
    "std": 0.14025421203556224,
    "p95": 0.0,
    "p99": 0.0
  },
  "dead_lines": {
    "index": 24,
    "min": 0.0,
    "max": 14.0,
    "mean": 0.018930848455125063,
    "std": 0.33924971976955776,
    "p95": 0.0,
    "p99": 0.0
  },
  "opp_dead_lines": {
    "index": 25,
    "min": 0.0,
    "max": 14.0,
    "mean": 0.018930848455125063,
    "std": 0.33924971976955776,
    "p95": 0.0,
    "p99": 0.0
  },
  "card_monopoly_count": {
    "index": 26,
    "min": 0.0,
    "max": 0.0,
    "mean": 0.0,
    "std": 0.0,
    "p95": 0.0,
    "p99": 0.0
  },
  "sequence_proximity": {
    "index": 27,
    "min": 0.0,
    "max": 16.60000000000001,
    "mean": 2.339364884747425,
    "std": 2.3308115813008383,
    "p95": 6.899999999999999,
    "p99": 9.5
  },
  "position_line_score": {
    "index": 28,
    "min": 0.0,
    "max": 31.41666666666667,
    "mean": 9.965360879516101,
    "std": 6.110758950977749,
    "p95": 20.999999999999996,
    "p99": 24.916666666666668
  },
  "anchor_overlap_count": {
    "index": 29,
    "min": 0.0,
    "max": 5.0,
    "mean": 0.737224129475233,
    "std": 1.7419899621512795,
    "p95": 5.0,
    "p99": 5.0
  },
  "chip_clustering": {
    "index": 30,
    "min": 0.0,
    "max": 1.0,
    "mean": 0.538029699816001,
    "std": 0.2208305155968694,
    "p95": 1.0,
    "p99": 1.0
  },
  "early_jack_usage_penalty": {
    "index": 31,
    "min": 0.0,
    "max": 1.0,
    "mean": 0.49522625470001636,
    "std": 0.26041853567057127,
    "p95": 0.94,
    "p99": 1.0
  },
  "jack_save_value": {
    "index": 32,
    "min": 0.0,
    "max": 4.0,
    "mean": 0.16653751839136832,
    "std": 0.39881699441812374,
    "p95": 0.96,
    "p99": 1.88
  },
  "viable_line_connectivity": {
    "index": 33,
    "min": 0.0,
    "max": 97.0,
    "mean": 23.67846983815596,
    "std": 16.891569279229355,
    "p95": 54.0,
    "p99": 67.0
  },
  "weighted_blocking": {
    "index": 34,
    "min": 0.0,
    "max": 329.0,
    "mean": 55.62336929867582,
    "std": 55.78654194440817,
    "p95": 170.0,
    "p99": 229.0
  },
  "silent_threat_count": {
    "index": 35,
    "min": 0.0,
    "max": 25.0,
    "mean": 4.429009318293281,
    "std": 3.991277523814326,
    "p95": 12.0,
    "p99": 16.0
  },
  "corner_line_progress": {
    "index": 36,
    "min": 0.0,
    "max": 6.0,
    "mean": 0.7150564001961746,
    "std": 0.8623074785706151,
    "p95": 2.0,
    "p99": 3.0
  },
  "phantom_threat_count": {
    "index": 37,
    "min": 0.0,
    "max": 0.0,
    "mean": 0.0,
    "std": 0.0,
    "p95": 0.0,
    "p99": 0.0
  },
  "opp_threat_reachability": {
    "index": 38,
    "min": 0.0,
    "max": 4.611111111111113,
    "mean": 0.7046583477257639,
    "std": 0.6855388393838812,
    "p95": 2.0600597232689952,
    "p99": 2.8154502288562595
  },
  "permanent_disruption_potential": {
    "index": 39,
    "min": 0.0,
    "max": 22.0,
    "mean": 1.553065228052967,
    "std": 2.63226000107396,
    "p95": 7.0,
    "p99": 12.0
  },
  "hand_flexibility": {
    "index": 40,
    "min": 4.0,
    "max": 96.0,
    "mean": 15.698553212359,
    "std": 18.365775227891156,
    "p95": 74.0,
    "p99": 95.0
  },
  "race_advantage": {
    "index": 41,
    "min": -11.0,
    "max": 11.0,
    "mean": 0.0,
    "std": 1.8277598935701056,
    "p95": 3.0,
    "p99": 5.0
  },
  "multi_block_value": {
    "index": 42,
    "min": 0.0,
    "max": 9.0,
    "mean": 2.087297694948504,
    "std": 1.4635108999060373,
    "p95": 4.0,
    "p99": 6.0
  },
  "key_card_count": {
    "index": 43,
    "min": 0.0,
    "max": 3.0,
    "mean": 0.03692986758214811,
    "std": 0.19435281490281908,
    "p95": 0.0,
    "p99": 1.0
  },
  "urgency_clock": {
    "index": 44,
    "min": 1.0,
    "max": 8.0,
    "mean": 3.6464198136341346,
    "std": 2.00303060780694,
    "p95": 8.0,
    "p99": 8.0
  },
  "alive_line_position_score": {
    "index": 45,
    "min": 0.0,
    "max": 28.666666666666675,